cod_titulo,cod_musica
1,1
1,2
1,3
1,4
1,5
1,6
1,7
1,8
1,9
1,10
1,11
1,12
1,13
1,14
1,15
1,16
2,17
2,18
2,19
2,20
2,21
2,22
2,23
2,24
2,25
2,26
2,27
2,28
2,29
2,30
2,31
2,32
2,33
3,34
3,35
3,36
3,37
3,38
3,39
3,40
3,41
3,42
3,43
3,44
3,45
5,46
5,47
5,48
5,49
5,50
5,51
5,52
5,53
5,54
5,55
5,56
5,57
5,58
5,59
5,60
5,61
6,62
6,63
6,64
6,65
6,66
6,67
6,68
6,69
6,70
6,71
7,72
7,73
7,74
7,75
7,76
7,77
7,78
7,79
7,80
7,81
7,82
7,83
7,84
7,85
7,86
7,87
8,88
8,89
8,90
8,91
8,92
8,93
8,94
8,95
8,96
8,97
8,98
8,99
8,100
8,101
9,102
9,103
9,104
9,105
9,106
9,107
9,108
9,109
9,110
9,111
9,112
9,113
9,114
9,115
9,116
9,117
10,118
10,119
10,120
10,121
10,122
10,123
10,124
10,125
10,126
10,127
10,128
10,129
10,130
10,131
10,132
10,133
10,134
10,135
12,136
12,137
12,138
12,139
12,140
12,141
12,142
12,143
12,144
12,145
12,146
12,147
13,148
13,149
13,150
13,151
13,152
13,153
13,154
13,155
13,156
13,157
13,158
13,159
13,160
13,161
13,162
13,163
14,164
14,165
14,166
14,167
14,168
14,169
14,170
14,171
14,172
14,173
14,174
14,175
15,176
15,177
15,178
15,179
15,180
15,181
15,182
15,183
15,184
15,185
15,186
15,187
16,188
16,189
16,190
16,191
16,192
16,193
16,194
16,195
16,196
16,197
17,198
17,199
17,200
17,201
17,202
17,203
17,204
17,205
17,206
17,207
18,208
18,209
18,210
18,211
18,212
18,213
18,214
18,215
18,216
18,217
18,218
18,219
18,220
18,221
18,222
18,223
18,224
18,225
18,226
18,227
18,228
18,229
18,230
18,231
18,232
18,233
18,234
18,235
18,236
18,237
18,238
19,239
19,240
19,241
19,242
19,243
19,244
19,245
19,246
19,247
19,248
19,249
19,250
20,251
20,252
20,253
20,254
20,255
20,256
20,257
20,258
20,259
20,260
20,261
20,262
20,263
20,264
20,265
21,266
21,267
21,268
21,269
21,270
21,271
21,272
21,273
21,274
21,275
21,276
21,277
21,278
21,279
21,280
22,281
22,282
22,283
22,284
22,285
22,286
22,287
22,288
22,289
22,290
22,291
22,292
22,293
22,294
23,295
23,296
23,297
23,298
23,299
23,300
23,301
23,302
23,303
23,304
23,305
23,306
23,307
23,308
23,309
24,310
24,311
24,312
24,313
24,314
24,315
24,316
24,317
24,318
24,319
24,320
24,321
24,322
24,323
24,324
25,325
25,326
25,327
25,328
25,329
25,330
25,331
25,332
25,333
25,334
25,335
25,336
25,337
26,338
26,339
26,340
26,341
26,342
26,343
26,344
26,345
26,346
26,347
26,348
26,349
26,350
26,351
27,352
27,353
27,354
27,355
27,356
27,357
27,358
27,359
27,360
27,361
27,362
27,363
27,364
27,365
27,366
27,367
27,368
27,369
27,370
27,371
27,372
27,373
27,374
27,375
27,376
27,377
27,378
27,379
27,380
27,381
27,382
28,383
28,384
28,385
28,386
28,387
28,388
28,389
28,390
28,391
28,392
28,393
28,394
29,395
29,396
29,397
29,398
29,399
29,400
29,401
29,402
29,403
29,404
29,405
29,406
29,407
29,408
30,409
30,410
30,411
30,412
30,413
30,414
30,415
30,416
30,417
30,418
30,419
30,420
31,421
31,422
31,423
31,424
31,425
31,426
31,427
31,428
31,429
31,430
31,431
32,432
32,433
32,434
32,435
32,436
32,437
32,438
32,439
32,440
32,441
32,442
32,443
32,444
32,445
32,446
32,447
32,448
32,449
32,450
33,451
33,452
33,453
33,454
33,455
33,456
33,457
33,458
33,459
33,460
33,461
33,462
33,463
33,464
33,465
33,466
34,467
34,468
34,469
34,470
34,471
34,472
34,473
34,474
34,475
34,476
34,477
34,478
34,479
34,480
34,481
34,482
35,483
35,484
35,485
35,486
35,487
35,488
35,489
35,490
35,491
35,492
35,493
35,494
35,495
35,496
36,497
36,498
36,499
36,500
36,501
36,502
36,503
36,504
36,505
36,506
36,507
37,508
37,509
37,510
37,511
37,512
37,513
37,514
37,515
37,516
37,517
37,518
37,519
37,520
37,521
37,522
37,523
38,524
38,525
38,526
38,527
38,528
38,529
38,530
38,531
38,532
38,533
38,534
38,535
38,536
38,537
39,538
39,539
39,540
39,541
39,542
39,543
39,544
39,545
39,546
39,547
39,548
39,549
39,550
39,551
40,552
40,553
40,554
40,555
40,556
40,557
40,558
40,559
40,560
40,561
41,562
41,563
41,564
41,565
41,566
41,567
41,568
41,569
41,570
41,571
41,572
42,573
42,574
42,575
42,576
42,577
42,578
42,579
42,580
42,581
42,582
42,583
42,584
42,585
42,586
42,587
42,588
43,589
43,590
43,591
43,592
43,593
43,594
43,595
43,596
43,597
43,598
43,599
43,600
43,601
43,602
44,603
44,604
44,605
44,606
44,607
44,608
44,609
44,610
44,611
44,612
44,613
44,614
45,615
45,616
45,617
45,618
45,619
45,620
45,621
45,622
45,623
45,624
45,625
45,626
45,627
45,628
45,629
45,630
45,631
45,632
46,633
46,634
46,635
46,636
46,637
46,638
46,639
46,640
46,641
46,642
46,643
46,644
46,645
46,646
46,647
46,648
46,649
47,650
47,651
47,652
47,653
47,654
47,655
47,656
47,657
47,658
47,659
47,660
48,661
48,662
48,663
48,664
48,665
48,666
48,667
48,668
48,669
48,670
48,671
48,672
48,673
48,674
49,675
49,676
49,677
49,678
49,679
49,680
49,681
49,682
49,683
49,684
49,685
49,686
49,687
49,688
49,689
50,690
50,691
50,692
50,693
50,694
50,695
50,696
50,697
50,698
50,699
50,700
50,701
50,702
50,703
50,704
50,705
50,706
50,707
50,708
50,709
50,710
50,711
50,712
50,713
50,714
50,715
50,716
51,717
51,718
51,719
51,720
51,721
51,722
51,723
51,724
51,725
51,726
51,727
51,728
52,729
52,730
52,731
52,732
52,733
52,734
52,735
52,736
52,737
52,738
52,739
52,740
53,741
53,742
53,743
53,744
53,745
53,746
53,747
53,748
53,749
53,750
53,751
53,752
53,753
53,754
53,755
53,756
54,757
54,758
54,759
54,760
54,761
54,762
54,763
54,764
54,765
54,766
54,767
54,768
55,769
55,770
55,771
55,772
55,773
55,774
55,775
55,776
55,777
55,778
55,779
55,780
55,781
55,782
55,783
55,784
55,785
55,786
55,787
55,788
55,789
55,790
55,791
55,792
55,793
55,794
55,795
55,796
55,797
55,798
55,799
55,800
56,801
56,802
56,803
56,804
56,805
56,806
56,807
56,808
56,809
56,810
56,811
56,812
56,813
56,814
57,815
57,816
57,817
57,818
57,819
57,820
57,821
57,822
57,823
57,824
57,825
57,826
57,827
57,828
57,829
57,830
58,831
58,832
58,833
58,834
58,835
58,836
58,837
58,838
58,839
58,840
58,841
58,842
59,843
59,844
59,845
59,846
59,847
59,848
59,849
59,850
59,851
59,852
59,853
59,854
59,855
59,856
59,857
59,858
59,859
59,860
59,861
59,862
59,863
59,864
59,865
59,866
59,867
59,868
59,869
59,870
59,871
59,872
59,873
59,874
59,875
61,876
61,877
61,878
61,879
61,880
61,881
61,882
61,883
61,884
61,885
61,886
61,887
61,888
61,889
61,890
61,891
61,892
61,893
61,894
61,895
61,896
61,897
61,898
61,899
62,900
62,901
62,902
62,903
62,904
62,905
62,906
62,907
62,908
62,909
62,910
62,911
62,912
62,913
62,914
62,915
62,916
62,917
63,918
63,919
63,920
63,921
63,922
63,923
63,924
63,925
63,926
63,927
63,928
63,929
63,930
63,931
63,932
63,933
63,934
64,935
64,936
64,937
64,938
64,939
64,940
64,941
64,942
64,943
64,944
64,945
64,946
64,947
64,948
64,949
64,950
64,951
64,952
64,953
64,954
64,955
64,956
64,957
64,958
64,959
65,960
65,961
65,962
65,963
65,964
65,965
65,966
65,967
65,968
65,969
65,970
65,971
66,972
66,973
66,974
66,975
66,976
66,977
66,978
66,979
66,980
66,981
66,982
66,983
66,984
66,985
66,986
66,987
66,988
66,989
66,990
67,991
67,992
67,993
67,994
67,995
67,996
67,997
67,998
67,999
67,1000
67,1001
67,1002
68,1003
68,1004
68,1005
68,1006
68,1007
68,1008
68,1009
68,1010
68,1011
68,1012
68,1013
68,1014
69,1015
69,1016
69,1017
69,1018
69,1019
69,1020
69,1021
69,1022
69,1023
69,1024
69,1025
69,1026
69,1027
69,1028
71,1029
71,1030
71,1031
71,1032
71,1033
71,1034
71,1035
71,1036
71,1037
71,1038
71,1039
71,1040
72,1041
72,1042
72,1043
72,1044
72,1045
72,1046
72,1047
72,1048
72,1049
72,1050
72,1051
72,1052
72,1053
72,1054
73,1055
73,1056
73,1057
73,1058
73,1059
73,1060
73,1061
73,1062
73,1063
73,1064
73,1065
73,1066
73,1067
73,1068
73,1069
73,1070
73,1071
74,1072
74,1073
74,1074
74,1075
74,1076
74,1077
74,1078
74,1079
74,1080
74,1081
74,1082
74,1083
75,1084
75,1085
75,1086
75,1087
75,1088
75,1089
75,1090
75,1091
75,1092
75,1093
75,1094
76,1095
76,1096
76,1097
76,1098
76,1099
76,1100
76,1101
76,1102
76,1103
76,1104
76,1105
76,1106
77,1107
77,1108
77,1109
77,1110
77,1111
77,1112
77,1113
77,1114
77,1115
77,1116
77,1117
77,1118
77,1119
77,1120
78,1121
78,1122
78,1123
78,1124
78,1125
78,1126
78,1127
78,1128
78,1129
78,1130
78,1131
78,1132
78,1133
78,1134
79,1135
79,1136
79,1137
79,1138
79,1139
79,1140
79,1141
79,1142
79,1143
79,1144
79,1145
79,1146
79,1147
79,1148
80,1149
80,1150
80,1151
80,1152
80,1153
80,1154
80,1155
80,1156
80,1157
80,1158
80,1159
80,1160
80,1161
80,1162
80,1163
80,1164
80,1165
80,1166
80,1167
80,1168
80,1169
80,1170
80,1171
81,1172
81,1173
81,1174
81,1175
81,1176
81,1177
81,1178
81,1179
81,1180
81,1181
81,1182
81,1183
81,1184
81,1185
81,1186
81,1187
81,1188
81,1189
81,1190
81,1191
81,1192
82,1193
82,1194
82,1195
82,1196
82,1197
82,1198
82,1199
82,1200
82,1201
82,1202
82,1203
82,1204
82,1205
82,1206
82,1207
82,1208
82,1209
82,1210
82,1211
82,1212
83,1213
83,1214
83,1215
83,1216
83,1217
83,1218
83,1219
83,1220
83,1221
83,1222
83,1223
83,1224
83,1225
83,1226
83,1227
83,1228
83,1229
84,1230
84,1231
84,1232
84,1233
84,1234
84,1235
84,1236
84,1237
84,1238
84,1239
84,1240
84,1241
85,1242
85,1243
85,1244
85,1245
85,1246
85,1247
85,1248
85,1249
85,1250
85,1251
85,1252
85,1253
85,1254
85,1255
85,1256
85,1257
85,1258
85,1259
85,1260
85,1261
86,1262
86,1263
86,1264
86,1265
86,1266
86,1267
86,1268
86,1269
86,1270
86,1271
86,1272
86,1273
87,1274
87,1275
87,1276
87,1277
87,1278
87,1279
87,1280
87,1281
87,1282
87,1283
87,1284
88,1285
88,1286
88,1287
88,1288
88,1289
88,1290
88,1291
88,1292
88,1293
88,1294
89,1295
89,1296
89,1297
89,1298
89,1299
89,1300
89,1301
89,1302
89,1303
89,1304
89,1305
89,1306
89,1307
89,1308
89,1309
89,1310
90,1311
90,1312
90,1313
90,1314
90,1315
90,1316
90,1317
90,1318
90,1319
90,1320
90,1321
90,1322
90,1323
90,1324
90,1325
90,1326
91,1327
91,1328
91,1329
91,1330
91,1331
91,1332
91,1333
91,1334
91,1335
91,1336
91,1337
91,1338
91,1339
91,1340
92,1341
92,1342
92,1343
92,1344
92,1345
92,1346
92,1347
92,1348
92,1349
92,1350
92,1351
92,1352
93,1353
93,1354
93,1355
93,1356
93,1357
93,1358
93,1359
93,1360
93,1361
93,1362
93,1363
93,1364
93,1365
94,1366
94,1367
94,1368
94,1369
94,1370
94,1371
94,1372
94,1373
94,1374
94,1375
94,1376
94,1377
95,1378
95,1379
95,1380
95,1381
95,1382
95,1383
95,1384
95,1385
95,1386
95,1387
95,1388
95,1389
95,1390
95,1391
95,1392
95,1393
95,1394
96,1395
96,1396
96,1397
96,1398
96,1399
96,1400
96,1401
96,1402
96,1403
96,1404
96,1405
96,1406
96,1407
96,1408
96,1409
96,1410
96,1411
97,1412
97,1413
97,1414
97,1415
97,1416
97,1417
97,1418
97,1419
97,1420
97,1421
97,1422
97,1423
98,1424
98,1425
98,1426
98,1427
98,1428
98,1429
98,1430
98,1431
98,1432
98,1433
98,1434
98,1435
98,1436
98,1437
99,1438
99,1439
99,1440
99,1441
99,1442
99,1443
99,1444
99,1445
99,1446
99,1447
99,1448
99,1449
99,1450
99,1451
99,1452
99,1453
99,1454
99,1455
100,1456
100,1457
100,1458
100,1459
100,1460
100,1461
100,1462
100,1463
100,1464
100,1465
100,1466
100,1467
100,1468
101,1469
101,1470
101,1471
101,1472
101,1473
101,1474
101,1475
101,1476
101,1477
101,1478
101,1479
102,1480
102,1481
102,1482
102,1483
102,1484
102,1485
102,1486
102,1487
102,1488
102,1489
102,1490
102,1491
102,1492
102,1493
102,1494
103,1495
103,1496
103,1497
103,1498
103,1499
103,1500
103,1501
103,1502
103,1503
103,1504
103,1505
103,1506
103,1507
103,1508
103,1509
104,1510
104,1511
104,1512
104,1513
104,1514
104,1515
104,1516
104,1517
104,1518
104,1519
104,1520
104,1521
104,1522
104,1523
105,1524
105,1525
105,1526
105,1527
105,1528
105,1529
105,1530
105,1531
105,1532
105,1533
105,1534
105,1535
105,1536
105,1537
105,1538
105,1539
105,1540
105,1541
105,1542
105,1543
106,1568
106,1569
106,1570
106,1571
106,1572
106,1573
106,1574
106,1575
106,1576
106,1577
106,1578
106,1579
107,1544
107,1545
107,1546
107,1547
107,1548
107,1549
107,1550
107,1551
107,1552
107,1553
107,1554
107,1555
107,1580
108,1556
108,1557
108,1558
108,1559
108,1560
108,1561
108,1562
108,1563
108,1564
108,1565
108,1566
108,1567
108,1581
108,1582
108,1583
109,1584
109,1585
109,1586
109,1587
109,1588
109,1589
109,1590
109,1591
109,1592
109,1593
109,1594
109,1595
109,1596
109,1597
109,1598
109,1599
110,1600
110,1601
110,1602
110,1603
110,1604
110,1605
110,1606
110,1607
110,1608
110,1609
110,1610
110,1611
110,1612
110,1613
111,1614
111,1615
111,1616
111,1617
111,1618
111,1619
111,1620
111,1621
111,1622
111,1623
111,1624
111,1625
111,1626
111,1627
111,1628
111,1629
111,1630
111,1631
111,1632
111,1633
111,1634
111,1635
111,1636
111,1637
112,1638
112,1639
112,1640
112,1641
112,1642
112,1643
112,1644
112,1645
112,1646
112,1647
113,1648
113,1649
113,1650
113,1651
113,1652
113,1653
113,1654
113,1655
113,1656
113,1657
113,1658
113,1659
113,1660
113,1661
113,1662
113,1663
114,1664
114,1665
114,1666
114,1667
114,1668
114,1669
114,1670
114,1671
114,1672
114,1673
114,1674
114,1675
114,1676
114,1677
114,1678
114,1679
115,1680
115,1681
115,1682
115,1683
115,1684
115,1685
115,1686
115,1687
115,1688
115,1689
115,1690
115,1691
116,1692
116,1693
116,1694
116,1695
116,1696
116,1697
116,1698
116,1699
116,1700
116,1701
116,1702
116,1703
116,1704
116,1705
116,1706
116,1707
117,1708
117,1709
117,1710
117,1711
117,1712
117,1713
117,1714
117,1715
117,1716
117,1717
117,1718
117,1719
117,1720
117,1721
118,1722
118,1723
118,1724
118,1725
118,1726
118,1727
118,1728
118,1729
118,1730
118,1731
118,1732
118,1733
118,1734
119,1735
119,1736
119,1737
119,1738
119,1739
119,1740
119,1741
119,1742
119,1743
119,1744
119,1745
119,1746
119,1747
119,1748
119,1749
119,1750
119,1751
119,1752
119,1753
119,1754
119,1755
119,1756
120,1757
120,1758
120,1759
120,1760
120,1761
120,1762
120,1763
120,1764
120,1765
120,1766
120,1767
121,1768
121,1769
121,1770
121,1771
121,1772
121,1773
121,1774
121,1775
121,1776
121,1777
121,1778
121,1779
122,1780
122,1781
122,1782
122,1783
122,1784
122,1785
122,1786
122,1787
122,1788
122,1789
122,1790
122,1791
122,1792
122,1793
122,1794
122,1795
122,1796
122,1797
122,1798
122,1799
122,1800
122,1801
122,1802
122,1803
123,1804
123,1805
123,1806
123,1807
123,1808
123,1809
123,1810
123,1811
123,1812
123,1813
123,1814
123,1815
123,1816
123,1817
123,1818
124,1819
124,1820
124,1821
124,1822
124,1823
124,1824
124,1825
124,1826
124,1827
124,1828
124,1829
124,1830
124,1831
125,1832
125,1833
125,1834
125,1835
125,1836
125,1837
125,1838
125,1839
125,1840
125,1841
125,1842
125,1843
125,1844
125,1845
125,1846
126,1847
126,1848
126,1849
126,1850
126,1851
126,1852
126,1853
126,1854
126,1855
126,1856
126,1857
126,1858
127,1859
127,1860
127,1861
127,1862
127,1863
127,1864
127,1865
127,1866
127,1867
127,1868
127,1869
127,1870
127,1871
127,1872
127,1873
127,1874
128,1875
128,1876
128,1877
128,1878
128,1879
128,1880
128,1881
128,1882
128,1883
128,1884
128,1885
128,1886
128,1887
128,1888
129,1889
129,1890
129,1891
129,1892
129,1893
129,1894
129,1895
129,1896
129,1897
129,1898
129,1899
129,1900
129,1901
129,1902
130,1903
130,1904
130,1905
130,1906
130,1907
130,1908
130,1909
130,1910
130,1911
130,1912
130,1913
130,1914
130,1915
130,1916
130,1917
130,1918
130,1919
130,1920
130,1921
130,1922
130,1923
130,1924
130,1925
130,1926
130,1927
130,1928
130,1929
130,1930
131,1931
131,1932
131,1933
131,1934
131,1935
131,1936
131,1937
131,1938
131,1939
131,1940
132,1941
132,1942
132,1943
132,1944
132,1945
132,1946
132,1947
132,1948
132,1949
132,1950
132,1951
132,1952
132,1953
132,1954
132,1955
132,1956
132,1957
132,1958
132,1959
132,1960
132,1961
132,1962
133,1963
133,1964
133,1965
133,1966
133,1967
133,1968
133,1969
133,1970
133,1971
133,1972
133,1973
134,1974
134,1975
134,1976
134,1977
134,1978
134,1979
134,1980
134,1981
134,1982
134,1983
134,1984
134,1985
134,1986
134,1987
135,1988
135,1989
135,1990
135,1991
135,1992
135,1993
135,1994
135,1995
135,1996
135,1997
135,1998
135,1999
135,2000
135,2001
135,2002
136,2003
136,2004
136,2005
136,2006
136,2007
136,2008
136,2009
136,2010
136,2011
136,2012
136,2013
136,2014
136,2015
136,2016
136,2017
136,2018
136,2019
136,2020
136,2021
136,2022
137,2023
137,2024
137,2025
137,2026
137,2027
137,2028
137,2029
137,2030
137,2031
137,2032
137,2033
137,2034
137,2035
137,2036
137,2037
137,2038
139,2039
139,2040
139,2041
139,2042
139,2043
139,2044
139,2045
139,2046
139,2047
139,2048
139,2049
140,2050
140,2051
140,2052
140,2053
140,2054
140,2055
140,2056
140,2057
140,2058
140,2059
140,2060
140,2061
140,2062
140,2063
140,2064
140,2065
140,2066
141,2294
141,2295
141,2296
141,2297
141,2298
141,2299
141,2300
141,2301
141,2302
141,2303
141,2304
141,2305
142,2067
142,2068
142,2069
142,2070
142,2071
142,2072
142,2073
142,2074
142,2075
142,2076
142,2077
142,2078
142,2079
142,2080
142,2081
142,2082
142,2083
142,2084
142,2085
142,2086
142,2087
142,2088
143,2089
143,2090
143,2091
143,2092
143,2093
143,2094
143,2095
143,2096
143,2097
143,2098
143,2099
143,2100
144,2101
144,2102
144,2103
144,2104
144,2105
144,2106
144,2107
144,2108
144,2109
144,2110
144,2111
144,2112
144,2113
144,2114
144,2115
144,2116
144,2117
144,2118
144,2119
144,2120
145,2121
145,2122
145,2123
145,2124
145,2125
145,2126
145,2127
145,2128
145,2129
145,2130
145,2131
145,2132
145,2133
145,2134
145,2135
146,2136
146,2137
146,2138
146,2139
146,2140
146,2141
146,2142
146,2143
146,2144
146,2145
146,2146
146,2147
146,2148
147,2149
147,2150
147,2151
147,2152
147,2153
147,2154
147,2155
147,2156
147,2157
147,2158
147,2159
147,2160
147,2161
147,2162
147,2163
147,2164
147,2165
147,2166
147,2167
147,2168
148,2169
148,2170
148,2171
148,2172
148,2173
148,2174
148,2175
148,2176
148,2177
148,2178
148,2179
148,2180
148,2181
148,2182
148,2183
148,2184
149,2185
149,2186
149,2187
149,2188
149,2189
149,2190
149,2191
149,2192
149,2193
149,2194
150,2195
150,2196
150,2197
150,2198
150,2199
150,2200
150,2201
150,2202
150,2203
150,2204
150,2205
150,2206
151,2207
151,2208
151,2209
151,2210
151,2211
151,2212
151,2213
151,2214
151,2215
151,2216
151,2217
151,2218
151,2219
151,2220
152,2221
152,2222
152,2223
152,2224
152,2225
152,2226
152,2227
152,2228
152,2229
152,2230
152,2231
152,2232
152,2233
152,2234
153,2235
153,2236
153,2237
153,2238
153,2239
153,2240
153,2241
153,2242
153,2243
153,2244
153,2245
153,2246
153,2247
154,2248
154,2249
154,2250
154,2251
154,2252
154,2253
154,2254
154,2255
154,2256
154,2257
154,2258
154,2259
155,2260
155,2261
155,2262
155,2263
155,2264
155,2265
155,2266
155,2267
155,2268
155,2269
155,2270
155,2271
155,2272
155,2273
155,2274
155,2275
155,2276
155,2277
155,2278
155,2279
155,2280
155,2281
156,2282
156,2283
156,2284
156,2285
156,2286
156,2287
156,2288
156,2289
156,2290
156,2291
156,2292
156,2293
157,2306
157,2307
157,2308
157,2309
157,2310
157,2311
157,2312
157,2313
157,2314
157,2315
157,2316
157,2317
157,2318
157,2319
157,2320
157,2321
157,2322
157,2323
157,2324
157,2325
158,2326
158,2327
158,2328
158,2329
158,2330
158,2331
158,2332
158,2333
158,2334
158,2335
158,2336
158,2337
158,2338
158,2339
158,2340
159,2341
159,2342
159,2343
159,2344
159,2345
159,2346
159,2347
159,2348
159,2349
159,2350
159,2351
159,2352
160,2353
160,2354
160,2355
160,2356
160,2357
160,2358
160,2359
160,2360
160,2361
160,2362
160,2363
160,2364
161,2365
161,2366
161,2367
161,2368
161,2369
161,2370
161,2371
161,2372
161,2373
161,2374
161,2375
161,2376
161,2377
161,2378
161,2379
161,2380
162,2381
162,2382
162,2383
162,2384
162,2385
162,2386
162,2387
162,2388
162,2389
162,2390
162,2391
162,2392
162,2393
162,2394
162,2395
163,2396
163,2397
163,2398
163,2399
163,2400
163,2401
163,2402
163,2403
163,2404
163,2405
163,2406
163,2407
163,2408
163,2409
163,2410
164,2411
164,2412
164,2413
164,2414
164,2415
164,2416
164,2417
164,2418
164,2419
164,2420
165,2421
165,2422
165,2423
165,2424
165,2425
165,2426
165,2427
165,2428
165,2429
165,2430
166,2431
166,2432
166,2433
166,2434
166,2435
166,2436
166,2437
166,2438
166,2439
166,2440
166,2441
166,2442
166,2443
166,2444
167,2445
167,2446
167,2447
167,2448
167,2449
167,2450
167,2451
167,2452
167,2453
167,2454
168,2455
168,2456
168,2457
168,2458
168,2459
168,2460
168,2461
168,2462
168,2463
168,2464
168,2465
168,2466
168,2467
168,2468
169,2469
169,2470
169,2471
169,2472
169,2473
169,2474
169,2475
169,2476
169,2477
169,2478
169,2479
169,2480
169,2481
169,2482
170,2483
170,2484
170,2485
170,2486
170,2487
170,2488
170,2489
170,2490
170,2491
170,2492
170,2493
170,2494
170,2495
170,2496
171,2497
171,2498
171,2499
171,2500
171,2501
171,2502
171,2503
171,2504
171,2505
171,2506
171,2507
171,2508
171,2509
171,2510
171,2511
172,8858
172,8859
172,8860
172,8861
172,8862
172,8863
172,8864
172,8865
172,8866
172,8867
172,8868
172,8869
172,8870
172,8871
172,8872
172,8873
172,8874
172,8875
172,8876
172,8877
172,8878
173,2512
173,2513
173,2514
173,2515
173,2516
173,2517
173,2518
173,2519
173,2520
173,2521
173,2522
173,2523
173,2524
174,2525
174,2526
174,2527
174,2528
174,2529
174,2530
174,2531
174,2532
174,2533
174,2534
174,2535
174,2536
175,2537
175,2538
175,2539
175,2540
175,2541
175,2542
175,2543
175,2544
175,2545
175,2546
175,2547
175,2548
175,2549
176,2550
176,2551
176,2552
176,2553
176,2554
176,2555
176,2556
176,2557
176,2558
176,2559
176,2560
176,2561
176,2562
176,2563
177,2564
177,2565
177,2566
177,2567
177,2568
177,2569
177,2570
177,2571
177,2572
177,2573
177,2574
177,2575
177,2576
177,2577
178,2578
178,2579
178,2580
178,2581
178,2582
178,2583
178,2584
178,2585
178,2586
178,2587
178,2588
178,2589
178,2590
178,2591
178,2592
178,2593
178,2594
179,2595
179,2596
179,2597
179,2598
179,2599
179,2600
179,2601
179,2602
179,2603
179,2604
179,2605
179,2606
179,2607
179,2608
180,2609
180,2610
180,2611
180,2612
180,2613
180,2614
180,2615
180,2616
180,2617
180,2618
180,2619
180,2620
180,2621
180,2622
181,2623
181,2624
181,2625
181,2626
181,2627
181,2628
181,2629
181,2630
181,2631
181,2632
181,2633
181,2634
181,2635
181,2636
181,2637
181,2638
182,2639
182,2640
182,2641
182,2642
182,2643
182,2644
182,2645
182,2646
182,2647
182,2648
182,2649
182,2650
182,2651
183,2652
183,2653
183,2654
183,2655
183,2656
183,2657
183,2658
183,2659
183,2660
183,2661
183,2662
183,2663
183,2664
183,2665
184,2666
184,2667
184,2668
184,2669
184,2670
184,2671
184,2672
184,2673
184,2674
184,2675
184,2676
184,2677
184,2678
184,2679
184,2680
185,2681
185,2682
185,2683
185,2684
185,2685
185,2686
185,2687
185,2688
185,2689
185,2690
185,2691
185,2692
185,2693
185,2694
185,2695
186,2696
186,2697
186,2698
186,2699
186,2700
186,2701
186,2702
186,2703
186,2704
186,2705
186,2706
186,2707
186,2708
186,2709
186,2710
186,2711
186,2712
187,2713
187,2714
187,2715
187,2716
187,2717
187,2718
187,2719
187,2720
187,2721
187,2722
187,2723
187,2724
187,2725
187,2726
187,2727
187,2728
187,2729
187,2730
188,2731
188,2732
188,2733
188,2734
188,2735
188,2736
188,2737
188,2738
188,2739
188,2740
188,2741
188,2742
188,2743
188,2744
189,2745
189,2746
189,2747
189,2748
189,2749
189,2750
189,2751
189,2752
189,2753
189,2754
189,2755
189,2756
189,2757
189,2758
190,2759
190,2760
190,2761
190,2762
190,2763
190,2764
190,2765
190,2766
190,2767
190,2768
190,2769
190,2770
190,2771
190,2772
190,2773
190,2774
191,2775
191,2776
191,2777
191,2778
191,2779
191,2780
191,2781
191,2782
191,2783
191,2784
191,2785
191,2786
191,2787
191,2788
192,2789
192,2790
192,2791
192,2792
192,2793
192,2794
192,2795
192,2796
192,2797
192,2798
192,2799
192,2800
192,2801
192,2802
192,2803
192,2804
192,2805
192,2806
192,2807
193,2808
193,2809
193,2810
193,2811
193,2812
193,2813
193,2814
193,2815
193,2816
193,2817
193,2818
193,2819
193,2820
194,2821
194,2822
194,2823
194,2824
194,2825
194,2826
194,2827
194,2828
194,2829
194,2830
194,2831
195,2832
195,2833
195,2834
195,2835
195,2836
195,2837
195,2838
195,2839
195,2840
195,2841
195,2842
195,2843
195,2844
195,2845
195,2846
195,2847
196,2848
196,2849
196,2850
196,2851
196,2852
196,2853
196,2854
196,2855
196,2856
196,2857
196,2858
196,2859
196,2860
196,2861
196,2862
196,2863
197,2864
197,2865
197,2866
197,2867
197,2868
197,2869
197,2870
197,2871
197,2872
197,2873
197,2874
197,2875
198,2876
198,2877
198,2878
198,2879
198,2880
198,2881
198,2882
198,2883
198,2884
198,2885
198,2886
198,2887
198,2888
198,2889
198,2890
198,2891
199,2892
199,2893
199,2894
199,2895
199,2896
199,2897
199,2898
199,2899
199,2900
199,2901
199,2902
199,2903
199,2904
199,2905
199,2906
200,2907
200,2908
200,2909
200,2910
200,2911
200,2912
200,2913
200,2914
200,2915
200,2916
201,2917
201,2918
201,2919
201,2920
201,2921
201,2922
201,2923
201,2924
201,2925
201,2926
201,2927
201,2928
201,2929
201,2930
201,2931
201,2932
201,2933
202,2934
202,2935
202,2936
202,2937
202,2938
202,2939
202,2940
202,2941
202,2942
202,2943
202,2944
202,2945
203,2946
203,2947
203,2948
203,2949
203,2950
203,2951
203,2952
203,2953
203,2954
203,2955
203,2956
203,2957
203,2958
203,2959
203,2960
204,2961
204,2962
204,2963
204,2964
204,2965
204,2966
204,2967
204,2968
204,2969
204,2970
205,2971
205,2972
205,2973
205,2974
205,2975
205,2976
205,2977
205,2978
205,2979
205,2980
205,2981
205,2982
205,2983
205,2984
205,2985
206,2986
206,2987
206,2988
206,2989
206,2990
206,2991
206,2992
206,2993
206,2994
206,2995
206,2996
206,2997
206,2998
206,2999
207,3000
207,3001
207,3002
207,3003
207,3004
207,3005
207,3006
207,3007
207,3008
207,3009
207,3010
207,3011
207,3012
207,3013
207,3014
208,3015
208,3016
208,3017
208,3018
208,3019
208,3020
208,3021
208,3022
208,3023
208,3024
208,3025
208,3026
208,3027
208,3028
208,3029
208,3030
208,3031
208,3032
208,3033
208,3034
208,3035
208,3036
208,3037
208,3038
209,3039
209,3040
209,3041
209,3042
209,3043
209,3044
209,3045
209,3046
209,3047
209,3048
209,3049
209,3050
209,3051
209,3052
209,3053
209,3054
210,3055
210,3056
210,3057
210,3058
210,3059
210,3060
210,3061
210,3062
210,3063
210,3064
210,3065
210,3066
210,3067
210,3068
210,3069
210,3070
211,3071
211,3072
211,3073
211,3074
211,3075
211,3076
211,3077
211,3078
211,3079
211,3080
211,3081
211,3082
211,3083
212,3084
212,3085
212,3086
212,3087
212,3088
212,3089
212,3090
212,3091
212,3092
212,3093
212,3094
212,3095
212,3096
212,3097
213,3098
213,3099
213,3100
213,3101
213,3102
213,3103
213,3104
213,3105
213,3106
213,3107
213,3108
213,3109
213,3110
213,3111
213,3112
213,3113
213,3114
213,3115
213,3116
213,3117
214,3118
214,3119
214,3120
214,3121
214,3122
214,3123
214,3124
214,3125
214,3126
214,3127
214,3128
214,3129
214,3130
214,3131
214,3132
214,3133
214,3134
214,3135
214,3136
214,3137
215,3138
215,3139
215,3140
215,3141
215,3142
215,3143
215,3144
215,3145
215,3146
215,3147
215,3148
215,3149
215,3150
215,3151
216,3152
216,3153
216,3154
216,3155
216,3156
216,3157
216,3158
216,3159
216,3160
216,3161
216,3162
216,3163
216,3164
216,3165
217,3166
217,3167
217,3168
217,3169
217,3170
217,3171
217,3172
217,3173
217,3174
217,3175
217,3176
217,3177
218,3178
218,3179
218,3180
218,3181
218,3182
218,3183
218,3184
218,3185
218,3186
218,3187
218,3188
218,3189
218,3190
218,3191
219,3192
219,3193
219,3194
219,3195
219,3196
219,3197
219,3198
219,3199
219,3200
219,3201
219,3202
219,3203
219,3204
220,3205
220,3206
220,3207
220,3208
220,3209
220,3210
220,3211
220,3212
220,3213
220,3214
221,3215
221,3216
221,3217
221,3218
221,3219
221,3220
221,3221
221,3222
221,3223
221,3224
221,3225
221,3226
222,3227
222,3228
222,3229
222,3230
222,3231
222,3232
222,3233
222,3234
222,3235
222,3236
222,3237
222,3238
222,3239
222,3240
222,3241
223,3242
223,3243
223,3244
223,3245
223,3246
223,3247
223,3248
223,3249
223,3250
223,3251
223,3252
223,3253
223,3254
224,3255
224,3256
224,3257
224,3258
224,3259
224,3260
224,3261
224,3262
224,3263
224,3264
224,3265
224,3266
224,3267
224,3268
224,3269
225,3270
225,3271
225,3272
225,3273
225,3274
225,3275
225,3276
225,3277
225,3278
225,3279
225,3280
225,3281
225,3282
225,3283
226,3284
226,3285
226,3286
226,3287
226,3288
226,3289
226,3290
226,3291
226,3292
226,3293
226,3294
227,3295
227,3296
227,3297
227,3298
227,3299
227,3300
227,3301
227,3302
227,3303
227,3304
227,3305
227,3306
227,3307
227,3308
227,3309
228,3310
228,3311
228,3312
228,3313
228,3314
228,3315
228,3316
228,3317
228,3318
228,3319
228,3320
228,3321
228,3322
228,3323
229,3324
229,3325
229,3326
229,3327
229,3328
229,3329
229,3330
229,3331
229,3332
229,3333
229,3334
229,3335
230,3336
230,3337
230,3338
230,3339
230,3340
230,3341
230,3342
230,3343
230,3344
230,3345
230,3346
230,3347
230,3348
230,3349
231,3350
231,3351
231,3352
231,3353
231,3354
231,3355
231,3356
231,3357
231,3358
231,3359
231,3360
231,3361
231,3362
231,3363
231,3364
232,3365
232,3366
232,3367
232,3368
232,3369
232,3370
232,3371
232,3372
232,3373
232,3374
232,3375
232,3376
232,3377
232,3378
232,3379
232,3380
233,3381
233,3382
233,3383
233,3384
233,3385
233,3386
233,3387
233,3388
233,3389
233,3390
233,3391
233,3392
233,3393
233,3394
233,3395
234,3396
234,3397
234,3398
234,3399
234,3400
234,3401
234,3402
234,3403
234,3404
234,3405
234,3406
234,3407
235,3408
235,3409
235,3410
235,3411
235,3412
235,3413
235,3414
235,3415
235,3416
235,3417
235,3418
235,3419
235,3420
235,3421
236,3422
236,3423
236,3424
236,3425
236,3426
236,3427
236,3428
236,3429
236,3430
236,3431
236,3432
236,3433
236,3434
236,3435
236,3436
237,3437
237,3438
237,3439
237,3440
237,3441
237,3442
237,3443
237,3444
237,3445
237,3446
237,3447
237,3448
237,3449
237,3450
238,3451
238,3452
238,3453
238,3454
238,3455
238,3456
238,3457
238,3458
238,3459
238,3460
238,3461
238,3462
238,3463
238,3464
238,3465
238,3466
238,3467
239,3468
239,3469
239,3470
239,3471
239,3472
239,3473
239,3474
239,3475
239,3476
239,3477
239,3478
239,3479
240,3480
240,3481
240,3482
240,3483
240,3484
240,3485
240,3486
240,3487
240,3488
240,3489
240,3490
240,3491
241,3492
241,3493
241,3494
241,3495
241,3496
241,3497
241,3498
241,3499
241,3500
241,3501
241,3502
241,3503
242,3504
242,3505
242,3506
242,3507
242,3508
242,3509
242,3510
242,3511
242,3512
242,3513
242,3514
242,3515
242,3516
242,3517
242,3518
243,3519
243,3520
243,3521
243,3522
243,3523
243,3524
243,3525
243,3526
243,3527
243,3528
244,3529
244,3530
244,3531
244,3532
244,3533
244,3534
244,3535
244,3536
244,3537
244,3538
244,3539
245,3540
245,3541
245,3542
245,3543
245,3544
245,3545
245,3546
245,3547
245,3548
245,3549
245,3550
245,3551
245,3552
245,3553
246,3554
246,3555
246,3556
246,3557
246,3558
246,3559
246,3560
246,3561
246,3562
246,3563
246,3564
246,3565
246,3566
246,3567
247,3568
247,3569
247,3570
247,3571
247,3572
247,3573
247,3574
247,3575
247,3576
247,3577
247,3578
247,3579
247,3580
247,3581
247,3582
247,3583
248,3584
248,3585
248,3586
248,3587
248,3588
248,3589
248,3590
248,3591
248,3592
248,3593
248,3594
248,3595
248,3596
249,3597
249,3598
249,3599
249,3600
249,3601
249,3602
249,3603
249,3604
249,3605
249,3606
249,3607
249,3608
250,3609
250,3610
250,3611
250,3612
250,3613
250,3614
250,3615
250,3616
250,3617
250,3618
250,3619
250,3620
250,3621
250,3622
250,3623
250,3624
250,3625
250,3626
250,3627
250,3628
250,3629
251,3630
251,3631
251,3632
251,3633
251,3634
251,3635
251,3636
251,3637
251,3638
251,3639
251,3640
251,3641
251,3642
251,3643
251,3644
251,3645
251,3646
251,3647
251,3648
251,3649
252,3650
252,3651
252,3652
252,3653
252,3654
252,3655
252,3656
252,3657
252,3658
252,3659
252,3660
252,3661
252,3662
252,3663
252,3664
252,3665
253,3666
253,3667
253,3668
253,3669
253,3670
253,3671
253,3672
253,3673
253,3674
253,3675
253,3676
253,3677
254,3678
254,3679
254,3680
254,3681
254,3682
254,3683
254,3684
254,3685
254,3686
254,3687
254,3688
255,3689
255,3690
255,3691
255,3692
255,3693
255,3694
255,3695
255,3696
255,3697
255,3698
255,3699
255,3700
255,3701
255,3702
255,3703
255,3704
255,3705
255,3706
255,3707
255,3708
255,3709
255,3710
255,3711
255,3712
255,3713
256,3714
256,3715
256,3716
256,3717
256,3718
256,3719
256,3720
256,3721
256,3722
256,3723
256,3724
256,3725
256,3726
256,3727
256,3728
256,3729
256,3730
256,3731
256,3732
256,3733
256,3734
256,3735
256,3736
256,3737
257,3738
257,3739
257,3740
257,3741
257,3742
257,3743
257,3744
257,3745
257,3746
257,3747
257,3748
257,3749
257,3750
257,3751
257,3752
257,3753
257,3754
257,3755
257,3756
257,3757
257,3758
257,3759
257,3760
257,3761
257,3762
257,3763
257,3764
257,3765
257,3766
257,3767
257,3768
257,3769
257,3770
257,3771
257,3772
257,3773
257,3774
258,3775
258,3776
258,3777
258,3778
258,3779
258,3780
258,3781
258,3782
258,3783
258,3784
258,3785
258,3786
258,3787
258,3788
259,3789
259,3790
259,3791
259,3792
259,3793
259,3794
259,3795
259,3796
259,3797
259,3798
259,3799
259,3800
259,3801
259,3802
259,3803
259,3804
259,3805
259,3806
259,3807
259,3808
259,3809
259,3810
259,3811
259,3812
259,3813
259,3814
259,3815
259,3816
259,3817
259,3818
259,3819
259,3820
259,3821
259,3822
259,3823
260,3824
260,3825
260,3826
260,3827
260,3828
260,3829
260,3830
260,3831
260,3832
260,3833
260,3834
261,3835
261,3836
261,3837
261,3838
261,3839
261,3840
261,3841
261,3842
261,3843
261,3844
261,3845
261,3846
261,3847
261,3848
261,3849
261,3850
261,3851
261,3852
261,3853
261,3854
261,3855
262,3856
262,3857
262,3858
262,3859
262,3860
262,3861
262,3862
262,3863
262,3864
262,3865
262,3866
262,3867
263,3868
263,3869
263,3870
263,3871
263,3872
263,3873
263,3874
263,3875
263,3876
263,3877
263,3878
263,3879
263,3880
263,3881
264,3882
264,3883
264,3884
264,3885
264,3886
264,3887
264,3888
264,3889
264,3890
264,3891
264,3892
264,3893
265,3894
265,3895
265,3896
265,3897
265,3898
265,3899
265,3900
265,3901
265,3902
265,3903
265,3904
265,3905
266,3906
266,3907
266,3908
266,3909
266,3910
266,3911
266,3912
266,3913
266,3914
266,3915
266,3916
266,3917
266,3918
266,3919
266,3920
266,3921
267,3922
267,3923
267,3924
267,3925
267,3926
267,3927
267,3928
267,3929
267,3930
267,3931
267,3932
267,3933
267,3934
267,3935
267,3936
267,3937
267,3938
267,3939
267,3940
267,3941
268,3942
268,3943
268,3944
268,3945
268,3946
268,3947
268,3948
268,3949
268,3950
268,3951
268,3952
268,3953
268,3954
269,3955
269,3956
269,3957
269,3958
269,3959
269,3960
269,3961
269,3962
269,3963
269,3964
269,3965
269,3966
269,3967
269,3968
269,3969
269,3970
269,3971
269,3972
269,3973
270,3974
270,3975
270,3976
270,3977
270,3978
270,3979
270,3980
270,3981
270,3982
270,3983
270,3984
270,3985
270,3986
270,3987
270,3988
271,3989
271,3990
271,3991
271,3992
271,3993
271,3994
271,3995
271,3996
271,3997
272,3998
272,3999
272,4000
272,4001
272,4002
272,4003
272,4004
272,4005
272,4006
272,4007
272,4008
272,4009
272,4010
272,4011
272,4012
274,4025
274,4026
274,4027
274,4028
274,4029
274,4030
274,4031
274,4032
274,4033
274,4034
274,4035
274,4036
275,4013
275,4014
275,4015
275,4016
275,4017
275,4018
275,4019
275,4020
275,4021
275,4022
275,4023
275,4024
275,4037
275,4038
275,4039
275,4040
276,4041
276,4042
276,4043
276,4044
276,4045
276,4046
276,4047
276,4048
276,4049
276,4050
276,4051
276,4052
276,4053
277,4054
277,4055
277,4056
277,4057
277,4058
277,4059
277,4060
277,4061
277,4062
277,4063
277,4064
277,4065
277,4066
277,4067
278,4068
278,4069
278,4070
278,4071
278,4072
278,4073
278,4074
278,4075
278,4076
278,4077
278,4078
278,4079
278,4080
278,4081
278,4082
278,4083
278,4084
278,4085
278,4086
278,4087
278,4088
278,4089
278,4090
278,4091
278,4092
278,4093
278,4094
278,4095
278,4096
278,4097
278,4098
278,4099
278,4100
278,4101
278,4102
279,4103
279,4104
279,4105
279,4106
279,4107
279,4108
279,4109
279,4110
279,4111
279,4112
279,4113
279,4114
279,4115
279,4116
279,4117
279,4118
280,4119
280,4120
280,4121
280,4122
280,4123
280,4124
280,4125
280,4126
280,4127
280,4128
280,4129
280,4130
280,4131
280,4132
280,4133
280,4134
280,4135
280,4136
280,4137
280,4138
280,4139
280,4140
280,4141
280,4142
281,4143
281,4144
281,4145
281,4146
281,4147
281,4148
281,4149
281,4150
281,4151
281,4152
281,4153
281,4154
281,4155
281,4156
281,4157
281,4158
281,4159
281,4160
281,4161
281,4162
282,4163
282,4164
282,4165
282,4166
282,4167
282,4168
282,4169
282,4170
282,4171
282,4172
282,4173
282,4174
282,4175
282,4176
282,4177
282,4178
282,4179
283,4180
283,4181
283,4182
283,4183
283,4184
283,4185
283,4186
283,4187
283,4188
283,4189
284,4190
284,4191
284,4192
284,4193
284,4194
284,4195
284,4196
284,4197
284,4198
284,4199
285,4200
285,4201
285,4202
285,4203
285,4204
285,4205
285,4206
285,4207
285,4208
285,4209
285,4210
285,4211
285,4212
285,4213
286,4214
286,4215
286,4216
286,4217
286,4218
286,4219
286,4220
286,4221
286,4222
286,4223
286,4224
286,4225
287,4226
287,4227
287,4228
287,4229
287,4230
287,4231
287,4232
287,4233
287,4234
287,4235
287,4236
287,4237
287,4238
287,4239
287,4240
287,4241
287,4242
287,4243
287,4244
288,4245
288,4246
288,4247
288,4248
288,4249
288,4250
288,4251
288,4252
288,4253
288,4254
288,4255
288,4256
289,4257
289,4258
289,4259
289,4260
289,4261
289,4262
289,4263
289,4264
289,4265
289,4266
289,4267
289,4268
290,4269
290,4270
290,4271
290,4272
290,4273
290,4274
290,4275
290,4276
290,4277
290,4278
290,4279
290,4280
290,4281
291,4282
291,4283
291,4284
291,4285
291,4286
291,4287
291,4288
291,4289
291,4290
291,4291
291,4292
291,4293
292,4294
292,4295
292,4296
292,4297
292,4298
292,4299
292,4300
292,4301
292,4302
292,4303
292,4304
292,4305
293,4306
293,4307
293,4308
293,4309
293,4310
293,4311
293,4312
293,4313
293,4314
293,4315
293,4316
294,4317
294,4318
294,4319
294,4320
294,4321
294,4322
294,4323
294,4324
294,4325
294,4326
294,4327
295,4328
295,4329
295,4330
295,4331
295,4332
295,4333
295,4334
295,4335
295,4336
295,4337
295,4338
295,4339
295,4340
295,4341
295,4342
295,4343
296,4344
296,4345
296,4346
296,4347
296,4348
296,4349
296,4350
296,4351
296,4352
296,4353
296,4354
296,4355
296,4356
296,4357
296,4358
296,4359
296,4360
296,4361
296,4362
296,4363
296,4364
296,4365
296,4366
296,4367
296,4368
296,4369
296,4370
296,4371
297,4372
297,4373
297,4374
297,4375
297,4376
297,4377
297,4378
297,4379
297,4380
297,4381
297,4382
297,4383
297,4384
298,4385
298,4386
298,4387
298,4388
298,4389
298,4390
298,4391
298,4392
298,4393
298,4394
298,4395
298,4396
298,4397
298,4398
299,4399
299,4400
299,4401
299,4402
299,4403
299,4404
299,4405
299,4406
299,4407
299,4408
299,4409
299,4410
299,4411
299,4412
300,4413
300,4414
300,4415
300,4416
300,4417
300,4418
300,4419
300,4420
300,4421
300,4422
300,4423
301,4424
301,4425
301,4426
301,4427
301,4428
301,4429
301,4430
301,4431
301,4432
301,4433
301,4434
301,4435
301,4436
301,4437
302,4438
302,4439
302,4440
302,4441
302,4442
302,4443
302,4444
302,4445
302,4446
302,4447
302,4448
302,4449
302,4450
302,4451
302,4452
302,4453
302,4454
303,4455
303,4456
303,4457
303,4458
303,4459
303,4460
303,4461
303,4462
303,4463
303,4464
303,4465
303,4466
303,4467
303,4468
304,4469
304,4470
304,4471
304,4472
304,4473
304,4474
304,4475
304,4476
304,4477
304,4478
304,4479
304,4480
305,4481
305,4482
305,4483
305,4484
305,4485
305,4486
305,4487
305,4488
306,4489
306,4490
306,4491
306,4492
306,4493
306,4494
306,4495
306,4496
306,4497
306,4498
307,4499
307,4500
307,4501
307,4502
307,4503
307,4504
307,4505
307,4506
307,4507
307,4508
307,4509
307,4510
307,4511
307,4512
307,4513
308,4514
308,4515
308,4516
308,4517
308,4518
308,4519
308,4520
308,4521
308,4522
308,4523
308,4524
309,4525
309,4526
309,4527
309,4528
309,4529
309,4530
309,4531
309,4532
309,4533
309,4534
309,4535
309,4536
310,4537
310,4538
310,4539
310,4540
310,4541
310,4542
310,4543
310,4544
310,4545
310,4546
310,4547
310,4548
310,4549
310,4550
311,4551
311,4552
311,4553
311,4554
311,4555
311,4556
311,4557
311,4558
311,4559
311,4560
311,4561
312,4562
312,4563
312,4564
312,4565
312,4566
312,4567
312,4568
312,4569
312,4570
312,4571
312,4572
312,4573
312,4574
313,4575
313,4576
313,4577
313,4578
313,4579
313,4580
313,4581
313,4582
313,4583
313,4584
313,4585
313,4586
313,4587
313,4588
314,4589
314,4590
314,4591
314,4592
314,4593
314,4594
314,4595
314,4596
314,4597
314,4598
314,4599
314,4600
314,4601
314,4602
315,4603
315,4604
315,4605
315,4606
315,4607
315,4608
315,4609
315,4610
315,4611
315,4612
315,4613
315,4614
315,4615
315,4616
316,4617
316,4618
316,4619
316,4620
316,4621
316,4622
316,4623
316,4624
316,4625
316,4626
317,4627
317,4628
317,4629
317,4630
317,4631
317,4632
317,4633
317,4634
317,4635
317,4636
317,4637
318,4638
318,4639
318,4640
318,4641
318,4642
318,4643
318,4644
318,4645
318,4646
319,4647
319,4648
319,4649
319,4650
319,4651
319,4652
319,4653
319,4654
319,4655
319,4656
319,4657
319,4658
319,4659
319,4660
319,4661
319,4662
319,4663
319,4664
319,4665
320,4666
320,4667
320,4668
320,4669
320,4670
320,4671
320,4672
320,4673
320,4674
320,4675
320,4676
320,4677
320,4678
320,4679
321,4680
321,4681
321,4682
321,4683
321,4684
321,4685
321,4686
321,4687
321,4688
321,4689
321,4690
321,4691
322,4692
322,4693
322,4694
322,4695
322,4696
322,4697
322,4698
322,4699
322,4700
322,4701
322,4702
322,4703
323,4704
323,4705
323,4706
323,4707
323,4708
323,4709
323,4710
323,4711
323,4712
323,4713
323,4714
323,4715
323,4716
323,4717
323,4718
323,4719
323,4720
323,4721
323,4722
323,4723
323,4724
323,4725
323,4726
324,4727
324,4728
324,4729
324,4730
324,4731
324,4732
324,4733
324,4734
324,4735
324,4736
324,4737
324,4738
324,4739
325,4740
325,4741
325,4742
325,4743
325,4744
325,4745
325,4746
325,4747
325,4748
325,4749
326,4750
326,4751
326,4752
326,4753
326,4754
326,4755
326,4756
326,4757
326,4758
326,4759
326,4760
326,4761
327,4762
327,4763
327,4764
327,4765
327,4766
327,4767
327,4768
327,4769
327,4770
327,4771
327,4772
327,4773
327,4774
327,4775
327,4776
327,4777
327,4778
327,4779
327,4780
327,4781
327,4782
327,4783
327,4784
327,4785
328,4786
328,4787
328,4788
328,4789
328,4790
328,4791
328,4792
328,4793
328,4794
328,4795
328,4796
328,4797
328,4798
328,4799
329,4800
329,4801
329,4802
329,4803
329,4804
329,4805
329,4806
329,4807
329,4808
329,4809
329,4810
329,4811
329,4812
330,4813
330,4814
330,4815
330,4816
330,4817
330,4818
330,4819
330,4820
330,4821
330,4822
330,4823
330,4824
330,4825
330,4826
331,4827
331,4828
331,4829
331,4830
331,4831
331,4832
331,4833
331,4834
331,4835
331,4836
331,4837
331,4838
331,4839
331,4840
331,4841
331,4842
332,4843
332,4844
332,4845
332,4846
332,4847
332,4848
332,4849
332,4850
332,4851
332,4852
332,4853
332,4854
333,4855
333,4856
333,4857
333,4858
333,4859
333,4860
333,4861
333,4862
333,4863
333,4864
333,4865
333,4866
333,4867
333,4868
334,4869
334,4870
334,4871
334,4872
334,4873
334,4874
334,4875
334,4876
334,4877
334,4878
334,4879
334,4880
335,4881
335,4882
335,4883
335,4884
335,4885
335,4886
335,4887
335,4888
335,4889
335,4890
335,4891
335,4892
336,4893
336,4894
336,4895
336,4896
336,4897
336,4898
336,4899
336,4900
336,4901
336,4902
336,4903
336,4904
336,4905
337,4906
337,4907
337,4908
337,4909
337,4910
337,4911
337,4912
337,4913
337,4914
337,4915
337,4916
337,4917
337,4918
337,4919
338,4920
338,4921
338,4922
338,4923
338,4924
338,4925
338,4926
338,4927
338,4928
338,4929
339,4930
339,4931
339,4932
339,4933
339,4934
339,4935
339,4936
339,4937
339,4938
339,4939
340,4940
340,4941
340,4942
340,4943
340,4944
340,4945
340,4946
340,4947
340,4948
340,4949
340,4950
340,4951
340,4952
340,4953
340,4954
341,4955
341,4956
341,4957
341,4958
341,4959
341,4960
341,4961
341,4962
341,4963
341,4964
341,4965
341,4966
342,4967
342,4968
342,4969
342,4970
342,4971
342,4972
342,4973
342,4974
342,4975
342,4976
343,4977
343,4978
343,4979
343,4980
343,4981
343,4982
343,4983
343,4984
343,4985
343,4986
343,4987
343,4988
343,4989
343,4990
343,4991
343,4992
344,4993
344,4994
344,4995
344,4996
344,4997
344,4998
344,4999
344,5000
344,5001
344,5002
345,5003
345,5004
345,5005
345,5006
345,5007
345,5008
345,5009
345,5010
345,5011
345,5012
345,5013
345,5014
345,5015
345,5016
345,5017
345,5018
345,5019
345,5020
345,5021
345,5022
345,5023
345,5024
345,5025
345,5026
346,5027
346,5028
346,5029
346,5030
346,5031
346,5032
346,5033
346,5034
346,5035
346,5036
346,5037
346,5038
346,5039
346,5040
346,5041
346,5042
346,5043
346,5044
346,5045
347,5046
347,5047
347,5048
347,5049
347,5050
347,5051
347,5052
347,5053
347,5054
347,5055
348,5056
348,5057
348,5058
348,5059
348,5060
348,5061
348,5062
348,5063
348,5064
348,5065
348,5066
348,5067
348,5068
348,5069
348,5070
348,5071
349,5072
349,5073
349,5074
349,5075
349,5076
349,5077
349,5078
349,5079
349,5080
349,5081
349,5082
349,5083
350,5084
350,5085
350,5086
350,5087
350,5088
350,5089
350,5090
350,5091
350,5092
350,5093
350,5094
350,5095
350,5096
350,5097
351,5098
351,5099
351,5100
351,5101
351,5102
351,5103
351,5104
351,5105
351,5106
351,5107
351,5108
351,5109
351,5110
351,5111
352,5112
352,5113
352,5114
352,5115
352,5116
352,5117
352,5118
352,5119
352,5120
352,5121
352,5122
352,5123
352,5124
352,5125
352,5126
353,5127
353,5128
353,5129
353,5130
353,5131
353,5132
353,5133
353,5134
353,5135
353,5136
353,5137
354,5138
354,5139
354,5140
354,5141
354,5142
354,5143
354,5144
354,5145
354,5146
354,5147
354,5148
354,5149
355,5150
355,5151
355,5152
355,5153
355,5154
355,5155
355,5156
355,5157
355,5158
355,5159
355,5160
355,5161
355,5162
355,5163
355,5164
355,5165
355,5166
355,5167
355,5168
355,5169
355,5170
356,5171
356,5172
356,5173
356,5174
356,5175
356,5176
356,5177
356,5178
356,5179
356,5180
357,5181
357,5182
357,5183
357,5184
357,5185
357,5186
357,5187
357,5188
357,5189
357,5190
357,5191
357,5192
357,5193
357,5194
358,5195
358,5196
358,5197
358,5198
358,5199
358,5200
358,5201
358,5202
358,5203
358,5204
358,5205
358,5206
358,5207
358,5208
359,5209
359,5210
359,5211
359,5212
359,5213
359,5214
359,5215
359,5216
359,5217
359,5218
359,5219
359,5220
359,5221
359,5222
359,5223
360,5224
360,5225
360,5226
360,5227
360,5228
360,5229
360,5230
360,5231
360,5232
360,5233
360,5234
360,5235
360,5236
360,5237
361,5238
361,5239
361,5240
361,5241
361,5242
361,5243
361,5244
361,5245
361,5246
361,5247
361,5248
362,5249
362,5250
362,5251
362,5252
362,5253
362,5254
362,5255
362,5256
362,5257
362,5258
362,5259
362,5260
362,5261
362,5262
363,5263
363,5264
363,5265
363,5266
363,5267
363,5268
363,5269
363,5270
363,5271
363,5272
363,5273
363,5274
363,5275
364,5276
364,5277
364,5278
364,5279
364,5280
364,5281
364,5282
364,5283
364,5284
364,5285
364,5286
364,5287
364,5288
364,5289
364,5290
364,5291
364,5292
364,5293
365,5294
365,5295
365,5296
365,5297
365,5298
365,5299
365,5300
365,5301
365,5302
365,5303
365,5304
365,5305
366,5306
366,5307
366,5308
366,5309
366,5310
366,5311
366,5312
366,5313
366,5314
366,5315
366,5316
366,5317
366,5318
366,5319
366,5320
367,5321
367,5322
367,5323
367,5324
367,5325
367,5326
367,5327
367,5328
367,5329
367,5330
367,5331
367,5332
367,5333
368,5334
368,5335
368,5336
368,5337
368,5338
368,5339
368,5340
368,5341
368,5342
368,5343
368,5344
368,5345
368,5346
368,5347
369,5348
369,5349
369,5350
369,5351
369,5352
369,5353
369,5354
369,5355
369,5356
369,5357
369,5358
369,5359
369,5360
369,5361
370,5362
370,5363
370,5364
370,5365
370,5366
370,5367
370,5368
370,5369
370,5370
370,5371
370,5372
370,5373
370,5374
370,5375
371,5376
371,5377
371,5378
371,5379
371,5380
371,5381
371,5382
371,5383
371,5384
371,5385
371,5386
371,5387
371,5388
371,5389
371,5390
371,5391
371,5392
372,5393
372,5394
372,5395
372,5396
372,5397
372,5398
372,5399
372,5400
372,5401
372,5402
372,5403
372,5404
372,5405
372,5406
372,5407
373,5408
373,5409
373,5410
373,5411
373,5412
373,5413
373,5414
373,5415
373,5416
373,5417
373,5418
373,5419
373,5420
373,5421
374,5422
374,5423
374,5424
374,5425
374,5426
374,5427
374,5428
374,5429
374,5430
374,5431
374,5432
374,5433
374,5434
374,5435
375,5436
375,5437
375,5438
375,5439
375,5440
375,5441
375,5442
375,5443
375,5444
375,5445
375,5446
375,5447
375,5448
375,5449
375,5450
375,5451
375,5452
375,5453
375,5454
375,5455
376,5456
376,5457
376,5458
376,5459
376,5460
376,5461
376,5462
376,5463
376,5464
376,5465
376,5466
376,5467
376,5468
376,5469
376,5470
377,5471
377,5472
377,5473
377,5474
377,5475
377,5476
377,5477
377,5478
377,5479
377,5480
377,5481
377,5482
377,5483
377,5484
377,5485
377,5486
377,5487
377,5488
377,5489
377,5490
377,5491
377,5492
377,5493
377,5494
378,5495
378,5496
378,5497
378,5498
378,5499
378,5500
378,5501
378,5502
378,5503
378,5504
378,5505
378,5506
378,5507
378,5508
378,5509
378,5510
379,5511
379,5512
379,5513
379,5514
379,5515
379,5516
379,5517
379,5518
379,5519
379,5520
379,5521
379,5522
379,5523
379,5524
380,5525
380,5526
380,5527
380,5528
380,5529
380,5530
380,5531
380,5532
380,5533
380,5534
380,5535
380,5536
380,5537
380,5538
381,5539
381,5540
381,5541
381,5542
381,5543
381,5544
381,5545
381,5546
381,5547
381,5548
381,5549
381,5550
381,5551
381,5552
382,5553
382,5554
382,5555
382,5556
382,5557
382,5558
382,5559
382,5560
382,5561
382,5562
382,5563
382,5564
382,5565
382,5566
382,5567
382,5568
382,5569
382,5570
382,5571
383,5572
383,5573
383,5574
383,5575
383,5576
383,5577
383,5578
383,5579
383,5580
383,5581
383,5582
383,5583
383,5584
383,5585
383,5586
383,5587
384,5588
384,5589
384,5590
384,5591
384,5592
384,5593
384,5594
384,5595
384,5596
384,5597
384,5598
384,5599
384,5600
384,5601
385,5602
385,5603
385,5604
385,5605
385,5606
385,5607
385,5608
385,5609
385,5610
385,5611
385,5612
385,5613
385,5614
385,5615
385,5616
385,5617
385,5618
386,8399
386,8400
386,8401
386,8402
386,8403
386,8404
386,8405
386,8406
386,8407
386,8408
386,8409
386,8410
386,8411
387,8412
387,8413
387,8414
387,8415
387,8416
387,8417
387,8418
387,8419
387,8420
387,8421
387,8422
387,8423
387,8424
387,8425
388,5619
388,5620
388,5621
388,5622
388,5623
388,5624
388,5625
388,5626
388,5627
388,5628
388,5629
388,5630
388,5631
388,5632
389,5633
389,5634
389,5635
389,5636
389,5637
389,5638
389,5639
389,5640
389,5641
389,5642
389,5643
389,5644
389,5645
389,5646
390,8426
390,8427
390,8428
390,8429
390,8430
390,8431
390,8432
390,8433
390,8434
390,8435
390,8436
390,8437
390,8438
390,8439
391,5647
391,5648
391,5649
391,5650
391,5651
391,5652
391,5653
391,5654
391,5655
391,5656
391,5657
391,5658
391,5659
391,5660
392,8440
392,8441
392,8442
392,8443
392,8444
392,8445
392,8446
392,8447
392,8448
392,8449
392,8450
392,8451
393,5661
393,5662
393,5663
393,5664
393,5665
393,5666
393,5667
393,5668
393,5669
393,5670
393,5671
393,5672
393,5673
393,5674
394,5675
394,5676
394,5677
394,5678
394,5679
394,5680
394,5681
394,5682
394,5683
394,5684
394,5685
394,5686
395,5687
395,5688
395,5689
395,5690
395,5691
395,5692
395,5693
395,5694
395,5695
395,5696
395,5697
395,5698
395,5699
395,5700
395,5701
396,8452
396,8453
396,8454
396,8455
396,8456
396,8457
396,8458
396,8459
396,8460
396,8461
396,8462
396,8463
396,8464
396,8465
397,5702
397,5703
397,5704
397,5705
397,5706
397,5707
397,5708
397,5709
397,5710
397,5711
397,5712
397,5713
397,5714
397,5715
397,5716
397,5717
397,5718
399,5719
399,5720
399,5721
399,5722
399,5723
399,5724
399,5725
399,5726
399,5727
399,5728
399,5729
399,5730
399,5731
399,5732
399,5733
399,5734
399,5735
399,5736
400,8838
400,8839
400,8840
400,8841
400,8842
400,8843
400,8844
400,8845
400,8846
400,8847
400,8848
400,8849
400,8850
400,8851
401,8466
401,8467
402,5737
402,5738
402,5739
402,5740
402,5741
402,5742
402,5743
402,5744
402,5745
402,5746
402,5747
402,5748
402,5749
402,5750
403,5751
403,5752
403,5753
403,5754
403,5755
403,5756
403,5757
403,5758
403,5759
403,5760
403,5761
403,5762
403,5763
403,5764
404,5765
404,5766
404,5767
404,5768
404,5769
404,5770
404,5771
404,5772
404,5773
404,5774
404,5775
404,5776
404,5777
404,5778
404,5779
404,5780
405,5781
405,5782
405,5783
405,5784
405,5785
405,5786
405,5787
405,5788
405,5789
405,5790
405,5791
405,5792
405,5793
405,5794
405,5795
406,5796
406,5797
406,5798
406,5799
406,5800
406,5801
406,5802
406,5803
406,5804
406,5805
406,5806
406,5807
406,5808
406,5809
407,5810
407,5811
407,5812
407,5813
407,5814
407,5815
407,5816
407,5817
407,5818
407,5819
407,5820
407,5821
407,5822
407,5823
407,5824
407,5825
407,5826
407,5827
407,5828
407,5829
407,5830
408,5831
408,5832
408,5833
408,5834
408,5835
408,5836
408,5837
408,5838
408,5839
408,5840
408,5841
408,5842
408,5843
408,5844
408,5845
408,5846
408,5847
408,5848
408,5849
409,5850
409,5851
409,5852
409,5853
409,5854
409,5855
409,5856
409,5857
409,5858
409,5859
409,5860
409,5861
410,5862
410,5863
410,5864
410,5865
410,5866
410,5867
410,5868
410,5869
410,5870
410,5871
410,5872
410,5873
410,5874
410,5875
411,5876
411,5877
411,5878
411,5879
411,5880
411,5881
411,5882
411,5883
411,5884
411,5885
411,5886
411,5887
411,5888
411,5889
411,5890
411,5891
412,5892
412,5893
412,5894
412,5895
412,5896
412,5897
412,5898
412,5899
412,5900
412,5901
412,5902
412,5903
413,5904
413,5905
413,5906
413,5907
413,5908
413,5909
413,5910
413,5911
413,5912
413,5913
413,5914
413,5915
414,5916
414,5917
414,5918
414,5919
414,5920
414,5921
414,5922
414,5923
414,5924
414,5925
414,5926
414,5927
414,5928
414,5929
415,5930
415,5931
415,5932
415,5933
415,5934
415,5935
415,5936
415,5937
415,5938
416,5939
416,5940
416,5941
416,5942
416,5943
416,5944
416,5945
416,5946
416,5947
416,5948
416,5949
416,5950
416,5951
416,5952
416,5953
416,5954
417,5955
417,5956
417,5957
417,5958
417,5959
417,5960
417,5961
417,5962
417,5963
417,5964
417,5965
417,5966
417,5967
417,5968
417,5969
417,5970
417,5971
417,5972
417,5973
417,5974
417,5975
418,5976
418,5977
418,5978
418,5979
418,5980
418,5981
418,5982
418,5983
418,5984
418,5985
418,5986
418,5987
419,5988
419,5989
419,5990
419,5991
419,5992
419,5993
419,5994
419,5995
419,5996
419,5997
419,5998
419,5999
419,6000
420,6001
420,6002
420,6003
420,6004
420,6005
420,6006
420,6007
420,6008
421,6009
421,6010
421,6011
421,6012
421,6013
421,6014
421,6015
421,6016
421,6017
421,6018
421,6019
421,6020
422,6021
422,6022
422,6023
422,6024
422,6025
422,6026
422,6027
422,6028
422,6029
422,6030
422,6031
422,6032
423,6033
423,6034
423,6035
423,6036
423,6037
423,6038
423,6039
423,6040
423,6041
423,6042
423,6043
423,6044
423,6045
423,6046
423,6047
423,6048
423,6049
423,6050
423,6051
423,6052
423,6053
423,6054
424,6055
424,6056
424,6057
424,6058
424,6059
424,6060
424,6061
424,6062
424,6063
424,6064
424,6065
424,6066
424,6067
424,6068
425,6069
425,6070
425,6071
425,6072
425,6073
425,6074
425,6075
425,6076
425,6077
425,6078
425,6079
425,6080
425,6081
426,6082
426,6083
426,6084
426,6085
426,6086
426,6087
426,6088
426,6089
426,6090
426,6091
426,6092
426,6093
427,6094
427,6095
427,6096
427,6097
427,6098
427,6099
427,6100
427,6101
427,6102
427,6103
427,6104
427,6105
428,6106
428,6107
428,6108
428,6109
428,6110
428,6111
428,6112
428,6113
428,6114
428,6115
428,6116
428,6117
428,6118
428,6119
428,6120
428,6121
428,6122
428,6123
428,6124
428,6125
429,6126
429,6127
429,6128
429,6129
429,6130
429,6131
429,6132
429,6133
429,6134
429,6135
429,6136
429,6137
430,6138
430,6139
430,6140
430,6141
430,6142
430,6143
430,6144
430,6145
430,6146
430,6147
430,6148
430,6149
430,6150
430,6151
431,6152
431,6153
431,6154
431,6155
431,6156
431,6157
431,6158
431,6159
431,6160
431,6161
432,6162
432,6163
432,6164
432,6165
432,6166
432,6167
432,6168
432,6169
432,6170
432,6171
432,6172
432,6173
433,6174
433,6175
433,6176
433,6177
433,6178
433,6179
433,6180
433,6181
433,6182
433,6183
433,6184
433,6185
433,6186
433,6187
434,6188
434,6189
434,6190
434,6191
434,6192
434,6193
434,6194
434,6195
434,6196
434,6197
434,6198
434,6199
434,6200
434,6201
435,6202
435,6203
435,6204
435,6205
435,6206
435,6207
435,6208
435,6209
435,6210
435,6211
436,6212
436,6213
436,6214
436,6215
436,6216
436,6217
436,6218
436,6219
436,6220
436,6221
436,6222
436,6223
436,6224
436,6225
436,6226
436,6227
436,6228
436,6229
436,6230
436,6231
436,6232
436,6233
436,6234
436,6235
436,6236
436,6237
436,6238
436,6239
437,6240
437,6241
437,6242
437,6243
437,6244
437,6245
437,6246
437,6247
437,6248
437,6249
437,6250
437,6251
437,6252
437,6253
437,6254
437,6255
437,6256
437,6257
437,6258
437,6259
437,6260
438,6261
438,6262
438,6263
438,6264
438,6265
438,6266
438,6267
438,6268
438,6269
438,6270
438,6271
439,6272
439,6273
439,6274
439,6275
439,6276
439,6277
439,6278
439,6279
439,6280
439,6281
439,6282
439,6283
439,6284
439,6285
439,6286
439,6287
439,6288
440,6289
440,6290
440,6291
440,6292
440,6293
440,6294
440,6295
440,6296
440,6297
440,6298
440,6299
440,6300
440,6301
441,6302
441,6303
441,6304
441,6305
441,6306
441,6307
441,6308
441,6309
441,6310
441,6311
442,6312
442,6313
442,6314
442,6315
442,6316
442,6317
442,6318
442,6319
442,6320
442,6321
442,6322
442,6323
443,6324
443,6325
443,6326
443,6327
443,6328
443,6329
443,6330
443,6331
443,6332
443,6333
443,6334
443,6335
444,6336
444,6337
444,6338
444,6339
444,6340
444,6341
444,6342
444,6343
444,6344
444,6345
444,6346
444,6347
444,6348
444,6349
444,6350
444,6351
444,6352
444,6353
444,6354
444,6355
445,6356
445,6357
445,6358
445,6359
445,6360
445,6361
445,6362
445,6363
445,6364
445,6365
445,6366
445,6367
445,6368
445,6369
445,6370
447,6371
447,6372
447,6373
447,6374
447,6375
447,6376
447,6377
447,6378
447,6379
447,6380
447,6381
447,6382
447,6383
447,6384
447,6385
447,6386
447,6387
447,6388
447,6389
447,6390
447,6391
448,6392
448,6393
448,6394
448,6395
448,6396
448,6397
448,6398
448,6399
448,6400
448,6401
448,6402
448,6403
448,6404
448,6405
449,6406
449,6407
449,6408
449,6409
449,6410
449,6411
449,6412
449,6413
449,6414
449,6415
450,6416
450,6417
450,6418
450,6419
450,6420
450,6421
450,6422
450,6423
450,6424
450,6425
450,6426
450,6427
450,6428
450,6429
450,6430
451,6431
451,6432
451,6433
451,6434
451,6435
451,6436
451,6437
451,6438
451,6439
451,6440
451,6441
451,6442
451,6443
451,6444
451,6445
452,6446
452,6447
452,6448
452,6449
452,6450
452,6451
452,6452
452,6453
452,6454
452,6455
452,6456
452,6457
453,6458
453,6459
453,6460
453,6461
453,6462
453,6463
453,6464
453,6465
453,6466
453,6467
454,6468
454,6469
454,6470
454,6471
454,6472
454,6473
454,6474
454,6475
454,6476
454,6477
454,6478
454,6479
454,6480
454,6481
454,6482
454,6483
454,6484
454,6485
454,6486
454,6487
454,6488
454,6489
454,6490
454,6491
454,6492
454,6493
454,6494
454,6495
455,6496
455,6497
455,6498
455,6499
455,6500
455,6501
455,6502
455,6503
455,6504
455,6505
455,6506
455,6507
455,6508
455,6509
456,6510
456,6511
456,6512
456,6513
456,6514
456,6515
456,6516
456,6517
456,6518
456,6519
456,6520
456,6521
456,6522
456,6523
457,6524
457,6525
457,6526
457,6527
457,6528
457,6529
457,6530
457,6531
457,6532
457,6533
457,6534
457,6535
457,6536
457,6537
458,6538
458,6539
458,6540
458,6541
458,6542
458,6543
458,6544
458,6545
458,6546
458,6547
458,6548
458,6549
458,6550
458,6551
458,6552
458,6553
458,6554
458,6555
459,8697
459,8698
459,8699
459,8700
459,8701
459,8702
459,8703
459,8704
459,8705
459,8706
459,8707
459,8708
459,8709
460,6556
460,6557
460,6558
460,6559
460,6560
460,6561
460,6562
460,6563
460,6564
460,6565
460,6566
460,6567
460,6568
461,6569
461,6570
461,6571
461,6572
461,6573
461,6574
461,6575
461,6576
461,6577
461,6578
461,6579
461,6580
462,6581
462,6582
462,6583
462,6584
462,6585
462,6586
462,6587
462,6588
462,6589
462,6590
462,6591
462,6592
463,6593
463,6594
463,6595
463,6596
463,6597
463,6598
463,6599
463,6600
463,6601
463,6602
463,6603
463,6604
463,6605
463,6606
464,6607
464,6608
464,6609
464,6610
464,6611
464,6612
464,6613
464,6614
464,6615
464,6616
464,6617
464,6618
464,6619
464,6620
465,6621
465,6622
465,6623
465,6624
465,6625
465,6626
465,6627
465,6628
465,6629
465,6630
465,6631
465,6632
466,6633
466,6634
466,6635
466,6636
466,6637
466,6638
466,6639
466,6640
466,6641
466,6642
466,6643
466,6644
466,6645
466,6646
467,6647
467,6648
467,6649
467,6650
467,6651
467,6652
467,6653
467,6654
467,6655
467,6656
467,6657
467,6658
467,6659
467,6660
467,6661
468,6662
468,6663
468,6664
468,6665
468,6666
468,6667
468,6668
468,6669
468,6670
468,6671
468,6672
468,6673
468,6674
469,6675
469,6676
469,6677
469,6678
469,6679
469,6680
469,6681
469,6682
469,6683
469,6684
469,6685
469,6686
470,6687
470,6688
470,6689
470,6690
470,6691
470,6692
470,6693
470,6694
470,6695
470,6696
470,6697
470,6698
470,6699
471,6700
471,6701
471,6702
471,6703
471,6704
471,6705
471,6706
471,6707
471,6708
471,6709
471,6710
471,6711
471,6712
471,6713
471,6714
471,6715
471,6716
471,6717
471,6718
472,6719
472,6720
472,6721
472,6722
472,6723
472,6724
472,6725
472,6726
472,6727
472,6728
472,6729
472,6730
472,6731
472,6732
473,6733
473,6734
473,6735
473,6736
473,6737
473,6738
473,6739
473,6740
473,6741
473,6742
473,6743
473,6744
473,6745
473,6746
473,6747
475,8683
475,8684
475,8685
475,8686
475,8687
475,8688
475,8689
475,8690
475,8691
475,8692
475,8693
475,8694
475,8695
475,8696
476,8183
476,8184
476,8185
476,8186
476,8187
476,8188
476,8189
476,8190
476,8191
476,8192
476,8193
476,8194
476,8195
476,8196
477,8170
477,8171
477,8172
477,8173
477,8174
477,8175
477,8176
477,8177
477,8178
477,8179
477,8180
477,8181
477,8182
478,6748
478,6749
478,6750
478,6751
478,6752
478,6753
478,6754
478,6755
478,6756
478,6757
478,6758
478,6759
478,6760
478,6761
479,6762
479,6763
479,6764
479,6765
479,6766
479,6767
479,6768
479,6769
479,6770
479,6771
479,6772
479,6773
479,6774
479,6775
480,6776
480,6777
480,6778
480,6779
480,6780
480,6781
480,6782
480,6783
480,6784
480,6785
480,6786
481,6787
481,6788
481,6789
481,6790
481,6791
481,6792
481,6793
481,6794
481,6795
481,6796
481,6797
481,6798
481,6799
481,6800
482,6801
482,6802
482,6803
482,6804
482,6805
482,6806
482,6807
482,6808
482,6809
482,6810
482,6811
482,6812
483,6813
483,6814
483,6815
483,6816
483,6817
483,6818
483,6819
483,6820
483,6821
483,6822
483,6823
483,6824
483,6825
483,6826
484,6827
484,6828
484,6829
484,6830
484,6831
484,6832
484,6833
484,6834
484,6835
484,6836
484,6837
484,6838
484,6839
484,6840
484,6841
484,6842
484,6843
484,6844
484,6845
484,6846
484,6847
484,6848
484,6849
484,6850
484,6851
484,6852
484,6853
484,6854
484,6855
484,6856
484,6857
484,6858
484,6859
484,6860
484,6861
484,6862
484,6863
484,6864
484,6865
484,6866
484,6867
484,6868
485,6869
485,6870
485,6871
485,6872
485,6873
485,6874
485,6875
485,6876
485,6877
485,6878
485,6879
485,6880
486,6881
486,6882
486,6883
486,6884
486,6885
486,6886
486,6887
486,6888
486,6889
486,6890
486,6891
486,6892
486,6893
486,6894
486,6895
486,6896
487,6897
487,6898
487,6899
487,6900
487,6901
487,6902
487,6903
487,6904
487,6905
487,6906
487,6907
487,6908
488,6909
488,6910
488,6911
488,6912
488,6913
488,6914
488,6915
488,6916
488,6917
488,6918
488,6919
488,6920
488,6921
489,6922
489,6923
489,6924
489,6925
489,6926
489,6927
489,6928
489,6929
489,6930
489,6931
489,6932
489,6933
491,6934
491,6935
491,6936
491,6937
491,6938
491,6939
491,6940
491,6941
491,6942
491,6943
491,6944
491,6945
492,6946
492,6947
492,6948
492,6949
492,6950
492,6951
492,6952
492,6953
492,6954
492,6955
492,6956
492,6957
492,6958
492,6959
492,6960
492,6961
492,6962
493,6963
493,6964
493,6965
493,6966
493,6967
493,6968
493,6969
493,6970
493,6971
493,6972
493,6973
493,6974
493,6975
495,6976
495,6977
495,6978
495,6979
495,6980
495,6981
495,6982
495,6983
495,6984
495,6985
495,6986
495,6987
496,6988
496,6989
496,6990
496,6991
496,6992
496,6993
496,6994
496,6995
496,6996
496,6997
496,6998
496,6999
497,7000
497,7001
497,7002
497,7003
497,7004
497,7005
497,7006
497,7007
497,7008
497,7009
497,7010
497,7011
497,7012
498,7013
498,7014
498,7015
498,7016
498,7017
498,7018
498,7019
498,7020
498,7021
498,7022
499,7023
499,7024
499,7025
499,7026
499,7027
499,7028
499,7029
499,7030
499,7031
499,7032
499,7033
499,7034
499,7035
499,7036
499,7037
499,7038
500,7039
500,7040
500,7041
500,7042
500,7043
500,7044
500,7045
500,7046
500,7047
500,7048
500,7049
500,7050
500,7051
500,7052
500,7053
500,7054
500,7055
500,7056
500,7057
501,7058
501,7059
501,7060
501,7061
501,7062
501,7063
501,7064
501,7065
501,7066
501,7067
501,7068
501,7069
501,7070
501,7071
502,7072
502,7073
502,7074
502,7075
502,7076
502,7077
502,7078
502,7079
502,7080
502,7081
502,7082
502,7083
502,7084
503,7085
503,7086
503,7087
503,7088
503,7089
503,7090
503,7091
503,7092
503,7093
503,7094
503,7095
503,7096
503,7097
503,7098
503,7099
504,7100
504,7101
504,7102
504,7103
504,7104
504,7105
504,7106
504,7107
504,7108
504,7109
504,7110
504,7111
504,7112
504,7113
506,7114
506,7115
506,7116
506,7117
506,7118
506,7119
506,7120
506,7121
506,7122
506,7123
506,7124
506,7125
506,7126
506,7127
506,7128
507,7129
507,7130
507,7131
507,7132
507,7133
507,7134
507,7135
507,7136
507,7137
507,7138
507,7139
507,7140
508,7141
508,7142
508,7143
508,7144
508,7145
508,7146
508,7147
508,7148
508,7149
508,7150
508,7151
509,7152
509,7153
509,7154
509,7155
509,7156
509,7157
509,7158
509,7159
509,7160
509,7161
509,7162
509,7163
509,7164
509,7165
510,9337
510,9338
510,9339
510,9340
510,9341
510,9342
510,9343
510,9344
510,9345
510,9346
510,9347
510,9348
510,9349
510,9350
510,9351
510,9352
510,9353
511,7166
511,7167
511,7168
511,7169
511,7170
511,7171
511,7172
511,7173
511,7174
511,7175
511,7176
511,7177
511,7178
511,7179
512,7180
512,7181
512,7182
512,7183
512,7184
512,7185
512,7186
512,7187
512,7188
512,7189
512,7190
513,7191
513,7192
513,7193
513,7194
513,7195
513,7196
513,7197
513,7198
513,7199
513,7200
513,7201
513,7202
513,7203
514,7204
514,7205
514,7206
514,7207
514,7208
514,7209
514,7210
514,7211
514,7212
514,7213
514,7214
514,7215
514,7216
515,7217
515,7218
515,7219
515,7220
515,7221
515,7222
515,7223
515,7224
515,7225
515,7226
515,7227
515,7228
515,7229
516,7230
516,7231
516,7232
516,7233
516,7234
516,7235
516,7236
516,7237
516,7238
516,7239
516,7240
516,7241
517,8671
517,8672
517,8673
517,8674
517,8675
517,8676
517,8677
517,8678
517,8679
517,8680
517,8681
517,8682
518,7242
518,7243
518,7244
518,7245
518,7246
518,7247
518,7248
518,7249
518,7250
518,7251
518,7252
518,7253
518,7254
519,7255
519,7256
519,7257
519,7258
519,7259
519,7260
519,7261
519,7262
519,7263
519,7264
519,7265
519,7266
519,7267
519,7268
519,7269
520,7270
520,7271
520,7272
520,7273
520,7274
520,7275
520,7276
520,7277
520,7278
520,7279
520,7280
520,7281
521,7282
521,7283
521,7284
521,7285
521,7286
521,7287
521,7288
521,7289
521,7290
521,7291
521,7292
521,7293
521,7294
521,7295
521,7296
521,7297
522,7298
522,7299
522,7300
522,7301
522,7302
522,7303
522,7304
522,7305
522,7306
522,7307
522,7308
522,7309
522,7310
522,7311
522,7312
522,7313
523,7314
523,7315
523,7316
523,7317
523,7318
523,7319
523,7320
523,7321
523,7322
523,7323
523,7324
524,7325
524,7326
524,7327
524,7328
524,7329
524,7330
524,7331
524,7332
524,7333
524,7334
524,7335
524,7336
524,7337
524,7338
524,7339
524,7340
524,7341
524,7342
524,7343
525,7344
525,7345
525,7346
525,7347
525,7348
525,7349
525,7350
525,7351
525,7352
525,7353
525,7354
526,30447
